{
  "0.05": {
    "VaR": 0.16766107346816228,
    "CVaR": 0.2482428981329063,
    "threshold_return": -0.16766107346816228,
    "num_tail_sims": 150
  },
  "0.01": {
    "VaR": 0.3031474709214793,
    "CVaR": 0.35211347983809665,
    "threshold_return": -0.3031474709214793,
    "num_tail_sims": 30
  },
  "summary": {
    "initial_value": 10000.0,
    "terminal_mean": 12964.032208106664,
    "terminal_median": 12583.783046564393,
    "terminal_std": 3276.8243226042564,
    "num_simulations": 3000
  }
}