{
  "0.05": {
    "VaR": 0.15822246981256405,
    "CVaR": 0.2459411027223887,
    "threshold_return": -0.15822246981256405,
    "num_tail_sims": 150
  },
  "0.01": {
    "VaR": 0.30323167769828785,
    "CVaR": 0.3664652580477207,
    "threshold_return": -0.30323167769828785,
    "num_tail_sims": 30
  },
  "summary": {
    "initial_value": 10000.0,
    "terminal_mean": 13025.175540377983,
    "terminal_median": 12564.848725636253,
    "terminal_std": 3352.5904939508064,
    "num_simulations": 3000
  }
}