{
  "0.05": {
    "VaR": 0.16286941791563922,
    "CVaR": 0.24347811704760616,
    "threshold_return": -0.16286941791563922,
    "num_tail_sims": 150
  },
  "0.01": {
    "VaR": 0.3028985575310469,
    "CVaR": 0.34842743885435484,
    "threshold_return": -0.3028985575310469,
    "num_tail_sims": 30
  },
  "summary": {
    "initial_value": 10000.0,
    "terminal_mean": 12924.172515156108,
    "terminal_median": 12530.912031398326,
    "terminal_std": 3181.246178072263,
    "num_simulations": 3000
  }
}